Datetime,Water Level (m)
2025-12-10 00:00:00,0.0010397045
2025-12-10 01:00:00,0.0009056445
2025-12-10 02:00:00,0.0004930542
2025-12-10 03:00:00,0.00013605139
2025-12-10 04:00:00,-8.8422756e-05
2025-12-10 05:00:00,-6.3090515e-06
2025-12-10 06:00:00,0.0001190288
2025-12-10 07:00:00,0.00033876437
2025-12-10 08:00:00,0.00041478066
2025-12-10 09:00:00,0.0006595196
2025-12-10 10:00:00,0.0007827276
2025-12-10 11:00:00,0.00081381376
2025-12-10 12:00:00,0.0007641895
2025-12-10 13:00:00,0.0006505091
2025-12-10 14:00:00,0.00051994977
2025-12-10 15:00:00,0.00042398862
2025-12-10 16:00:00,0.00042092917
2025-12-10 17:00:00,0.0005270633
2025-12-10 18:00:00,0.0005024607
2025-12-10 19:00:00,0.0005763649
2025-12-10 20:00:00,0.0008454056
2025-12-10 21:00:00,0.0011368167
2025-12-10 22:00:00,0.0010324948
2025-12-10 23:00:00,0.0011208812
2025-12-11 00:00:00,0.0010500832
2025-12-11 01:00:00,0.0010548885
2025-12-11 02:00:00,0.0008223831
2025-12-11 03:00:00,0.0005630675
2025-12-11 04:00:00,0.00021125263
2025-12-11 05:00:00,0.00013913994
2025-12-11 06:00:00,0.00021363227
2025-12-11 07:00:00,0.00028642715
2025-12-11 08:00:00,0.0004973313
2025-12-11 09:00:00,0.00066666194
2025-12-11 10:00:00,0.0007758259
2025-12-11 11:00:00,0.0008968739
2025-12-11 12:00:00,0.0008450903
2025-12-11 13:00:00,0.0007402137
2025-12-11 14:00:00,0.00056689436
2025-12-11 15:00:00,0.0005634547
2025-12-11 16:00:00,0.0004190491
2025-12-11 17:00:00,0.000268182
2025-12-11 18:00:00,0.00022716296
2025-12-11 19:00:00,0.00027586982
2025-12-11 20:00:00,0.00033480083
2025-12-11 21:00:00,0.0004752087
2025-12-11 22:00:00,0.000506917
2025-12-11 23:00:00,0.000639624
2025-12-12 00:00:00,0.00071428734
2025-12-12 01:00:00,0.0006964981
2025-12-12 02:00:00,0.0005027916
2025-12-12 03:00:00,0.0003777711
2025-12-12 04:00:00,0.00026070545
2025-12-12 05:00:00,0.00017037471
2025-12-12 06:00:00,0.00018820747
2025-12-12 07:00:00,0.00019266363
2025-12-12 08:00:00,0.00022053672
2025-12-12 09:00:00,0.0003735189
2025-12-12 10:00:00,0.00048130797
2025-12-12 11:00:00,0.0005222068
2025-12-12 12:00:00,0.00044931096
2025-12-12 13:00:00,0.0004611697
2025-12-12 14:00:00,0.0005561071
2025-12-12 15:00:00,0.0005733139
2025-12-12 16:00:00,0.0004116978
2025-12-12 17:00:00,0.0002721179
2025-12-12 18:00:00,0.00017054842
2025-12-12 19:00:00,-6.3828134e-06
2025-12-12 20:00:00,-3.485505e-05
2025-12-12 21:00:00,3.039323e-05
2025-12-12 22:00:00,8.477437e-05
2025-12-12 23:00:00,0.00020036138
2025-12-13 00:00:00,0.0003750234
2025-12-13 01:00:00,0.0003676476
2025-12-13 02:00:00,0.0003688418
2025-12-13 03:00:00,0.00015228787
2025-12-13 04:00:00,-3.608138e-05
2025-12-13 05:00:00,-7.992517e-05
2025-12-13 06:00:00,-7.182354e-05
2025-12-13 07:00:00,-0.00012291413
2025-12-13 08:00:00,-0.00015369088
2025-12-13 09:00:00,-2.1628823e-05
2025-12-13 10:00:00,0.00012499579
2025-12-13 11:00:00,0.00016578393
2025-12-13 12:00:00,0.00017236511
2025-12-13 13:00:00,0.0002672417
2025-12-13 14:00:00,0.0005105142
2025-12-13 15:00:00,0.00055454473
2025-12-13 16:00:00,0.0004989054
2025-12-13 17:00:00,0.00041868046
2025-12-13 18:00:00,0.00017282953
2025-12-13 19:00:00,-0.00013950166
2025-12-13 20:00:00,-3.14326e-05
2025-12-13 21:00:00,-0.00019391425
2025-12-13 22:00:00,-0.00018943324
2025-12-13 23:00:00,-7.7479206e-05
2025-12-14 00:00:00,-1.853237e-05
2025-12-14 01:00:00,7.6989934e-05
2025-12-14 02:00:00,0.00017046921
2025-12-14 03:00:00,9.601237e-05
2025-12-14 04:00:00,0.00017305744
2025-12-14 05:00:00,0.00011329518
2025-12-14 06:00:00,-1.3148495e-05
2025-12-14 07:00:00,-0.00011867301
2025-12-14 08:00:00,-0.00014948193
2025-12-14 09:00:00,-0.00017271648
2025-12-14 10:00:00,-8.670752e-05
2025-12-14 11:00:00,5.3972602e-05
2025-12-14 12:00:00,0.00018920185
2025-12-14 13:00:00,0.00020963779
2025-12-14 14:00:00,0.00030893233
2025-12-14 15:00:00,0.0003827619
2025-12-14 16:00:00,0.00053695985
2025-12-14 17:00:00,0.0007044429
2025-12-14 18:00:00,0.00049252564
2025-12-14 19:00:00,0.00025024393
2025-12-14 20:00:00,0.0001968033
2025-12-14 21:00:00,-1.25405995e-05
2025-12-14 22:00:00,-0.00014170905
2025-12-14 23:00:00,-0.0002978467
2025-12-15 00:00:00,-0.00020352432
2025-12-15 01:00:00,-0.00019923005
2025-12-15 02:00:00,-7.998412e-05
2025-12-15 03:00:00,1.9203402e-05
2025-12-15 04:00:00,0.00023733111
2025-12-15 05:00:00,0.0002877148
2025-12-15 06:00:00,0.00034063566
2025-12-15 07:00:00,0.00029506278
2025-12-15 08:00:00,0.0001744288
2025-12-15 09:00:00,8.702982e-05
2025-12-15 10:00:00,0.00010243656
2025-12-15 11:00:00,0.0001482612
2025-12-15 12:00:00,0.00012083766
2025-12-15 13:00:00,-3.360485e-05
2025-12-15 14:00:00,5.8208378e-05
2025-12-15 15:00:00,0.0001945054
2025-12-15 16:00:00,0.00034473246
2025-12-15 17:00:00,0.00042972385
2025-12-15 18:00:00,0.0004159959
2025-12-15 19:00:00,0.00024222625
2025-12-15 20:00:00,8.771543e-05
2025-12-15 21:00:00,-0.00011975385
2025-12-15 22:00:00,-0.00033843823
2025-12-15 23:00:00,-0.00042291265
2025-12-16 00:00:00,-0.00038778
